Workbook

Sheet Products
A1: ProductID | B1: Product | C1: Price
A2: 101 | B2: Product A | C2: 120
A3: 102 | B3: Product B | C3: 150
A4: 103 | B4: Product C | C4: 200
A5: 104 | B5: Product D | C5: 90
A6: 105 | B6: Product E | C6: 220
A7: 106 | B7: Product F | C7: 130
A8: 108 | B8: Product h | C8: 140

Sheet Orders
D1: Question no | E1: Question | F1: Answer no | G1: Answers
A2: OrderId | B2: ProductID | C2: Quantity | D2: 1 | E2: Product names for each ProductID in the Orders | F2: 1, 2 and 4 | G2: ProductID | H2: ProductName | I2: Price | J2: Total price | K2: Discounted Price
A3: 1 | B3: 101 | C3: 2 | D3: 2 | E3: The price for each ProductID in the Orders | G3: 101 | H3: =VLOOKUP(G3,Products!$A$1:$C$7,2,0) -> Product A | I3: =VLOOKUP(B2:B8,Products!$A$1:$C$7,3,0) -> 120 | J3: =I3*C3 -> 240 | K3: =I3-I3*10% -> 108
A4: 2 | B4: 103 | C4: 1 | D4: 2b | E4: Calculate the TotalPrice by multiplying the Quantity by the Product Price by the Product Price | G4: 103 | H4: =VLOOKUP(G4,Products!$A$1:$C$7,2,0) -> Product C | I4: =VLOOKUP(B3:B9,Products!$A$1:$C$7,3,0) -> 200 | J4: =I4*C4 -> 200 | K4: =I4-I4*10% -> 180
A5: 3 | B5: 105 | C5: 4 | D5: 3 | E5: Check if there are any ProductIDs in the Orders that do not exist in the Products | G5: 105 | H5: =VLOOKUP(G5,Products!$A$1:$C$7,2,0) -> Product E | I5: =VLOOKUP(B4:B10,Products!$A$1:$C$7,3,0) -> 220 | J5: =I5*C5 -> 880 | K5: =I5-I5*10% -> 198
A6: 4 | B6: 106 | C6: 3 | D6: 4 | E6: Assume a discount of 10% is given on all products. Use VLOOKUP to find the original price and then calculate the discounted price. | G6: 106 | H6: =VLOOKUP(G6,Products!$A$1:$C$7,2,0) -> Product F | I6: =VLOOKUP(B5:B11,Products!$A$1:$C$7,3,0) -> 130 | J6: =I6*C6 -> 390 | K6: =I6-I6*10% -> 117
A7: 5 | B7: 102 | C7: 5 | D7: 5 | E7: Find the price for each ProductID and then calculate the order value. Find the maximum order value from the list. | G7: 102 | H7: =VLOOKUP(G7,Products!$A$1:$C$7,2,0) -> Product B | I7: =VLOOKUP(B6:B12,Products!$A$1:$C$7,3,0) -> 150 | J7: =I7*C7 -> 750 | K7: =I7-I7*10% -> 135
A8: 6 | B8: 104 | C8: 6 | D8: 6 | E8: Find out which products from the Products worksheet have not been ordered. | G8: 104 | H8: =VLOOKUP(G8,Products!$A$1:$C$7,2,0) -> Product D | I8: =VLOOKUP(B7:B13,Products!$A$1:$C$7,3,0) -> 90 | J8: =I8*C8 -> 540 | K8: =I8-I8*10% -> 81
A9: 7 | B9: 107 | C9: 2 | D9: 7 | E9: Find the Product name and summarize the total quantity sold for each product.
F11: 3 | G11: ProductID | H11: Product iD Found/NotFound
A12: Discount | B12: 0.1 | G12: 101 | H12: =IF(ISNA(VLOOKUP(G12,Products!$A$1:$B$7,1,0)),"Not Found","Found") -> Found
G13: 103 | H13: =IF(ISNA(VLOOKUP(G13,Products!$A$1:$B$7,1,0)),"Not Found","Found") -> Found
G14: 105 | H14: =IF(ISNA(VLOOKUP(G14,Products!$A$1:$B$7,1,0)),"Not Found","Found") -> Found
G15: 106 | H15: =IF(ISNA(VLOOKUP(G15,Products!$A$1:$B$7,1,0)),"Not Found","Found") -> Found
G16: 102 | H16: =IF(ISNA(VLOOKUP(G16,Products!$A$1:$B$7,1,0)),"Not Found","Found") -> Found
G17: 104 | H17: =IF(ISNA(VLOOKUP(G17,Products!$A$1:$B$7,1,0)),"Not Found","Found") -> Found
G18: 107 | H18: =IF(ISNA(VLOOKUP(G18,Products!$A$1:$B$7,1,0)),"Not Found","Found") -> Not Found
F21: 5 | G21: ProductID | H21: Price | I21: OrderValue
G22: 101 | H22: =VLOOKUP(G22,Products!$A$1:$C$7,3,0) -> 120 | I22: =H22*C3 -> 240
G23: 103 | H23: =VLOOKUP(G23,Products!$A$1:$C$7,3,0) -> 200 | I23: =H23*C4 -> 200 | K23: max order value | L23: =MAX(I22:I27) -> 880
G24: 105 | H24: =VLOOKUP(G24,Products!$A$1:$C$7,3,0) -> 220 | I24: =H24*C5 -> 880
G25: 106 | H25: =VLOOKUP(G25,Products!$A$1:$C$7,3,0) -> 130 | I25: =H25*C6 -> 390
G26: 102 | H26: =VLOOKUP(G26,Products!$A$1:$C$7,3,0) -> 150 | I26: =H26*C7 -> 750
G27: 104 | H27: =VLOOKUP(G27,Products!$A$1:$C$7,3,0) -> 90 | I27: =H27*C8 -> 540
F30: 6,7 | G30: ProductID | H30: Ordered/not ordered | I30: Total Quantity
G31: 101 | H31: =IF(ISNA(VLOOKUP(Products!A2,Orders!$B$2:$C$9,3,)),"Not order","Ordered") -> Ordered | I31: =SUMIF($B$2:$B$9,Products!A2,Orders!$C$2:$C$9) -> 2
G32: 103 | H32: =IF(ISNA(VLOOKUP(Products!A3,Orders!$B$2:$C$9,3,)),"Not order","Ordered") -> Ordered | I32: =SUMIF($B$2:$B$9,Products!A3,Orders!$C$2:$C$9) -> 5
G33: 105 | H33: =IF(ISNA(VLOOKUP(Products!A4,Orders!$B$2:$C$9,3,)),"Not order","Ordered") -> Ordered | I33: =SUMIF($B$2:$B$9,Products!A4,Orders!$C$2:$C$9) -> 1
G34: 106 | H34: =IF(ISNA(VLOOKUP(Products!A5,Orders!$B$2:$C$9,3,)),"Not order","Ordered") -> Ordered | I34: =SUMIF($B$2:$B$9,Products!A5,Orders!$C$2:$C$9) -> 6
G35: 102 | H35: =IF(ISNA(VLOOKUP(Products!A6,Orders!$B$2:$C$9,3,)),"Not order","Ordered") -> Ordered | I35: =SUMIF($B$2:$B$9,Products!A6,Orders!$C$2:$C$9) -> 4
G36: 104 | H36: =IF(ISNA(VLOOKUP(Products!A7,Orders!$B$2:$C$9,3,)),"Not order","Ordered") -> Ordered | I36: =SUMIF($B$2:$B$9,Products!A7,Orders!$C$2:$C$9) -> 3
G37: 108 | H37: =IF(ISNA(VLOOKUP(Products!A8,Orders!$B$2:$C$9,3,)),"Not order","Ordered") -> Not order | I37: =SUMIF($B$2:$B$9,Products!A8,Orders!$C$2:$C$9) -> 0
